-- MySQL dump 10.13  Distrib 5.7.26, for Linux (x86_64)
--
-- Host: localhost    Database: dashboard
-- ------------------------------------------------------
-- Server version	5.7.26-0ubuntu0.18.04.1-log

/*!40101 SET @OLD_CHARACTER_SET_CLIENT=@@CHARACTER_SET_CLIENT */;
/*!40101 SET @OLD_CHARACTER_SET_RESULTS=@@CHARACTER_SET_RESULTS */;
/*!40101 SET @OLD_COLLATION_CONNECTION=@@COLLATION_CONNECTION */;
/*!40101 SET NAMES utf8 */;
/*!40103 SET @OLD_TIME_ZONE=@@TIME_ZONE */;
/*!40103 SET TIME_ZONE='+00:00' */;
/*!40014 SET @OLD_UNIQUE_CHECKS=@@UNIQUE_CHECKS, UNIQUE_CHECKS=0 */;
/*!40014 SET @OLD_FOREIGN_KEY_CHECKS=@@FOREIGN_KEY_CHECKS, FOREIGN_KEY_CHECKS=0 */;
/*!40101 SET @OLD_SQL_MODE=@@SQL_MODE, SQL_MODE='NO_AUTO_VALUE_ON_ZERO' */;
/*!40111 SET @OLD_SQL_NOTES=@@SQL_NOTES, SQL_NOTES=0 */;

--
-- Table structure for table `energy`
--

DROP TABLE IF EXISTS `energy`;
/*!40101 SET @saved_cs_client     = @@character_set_client */;
/*!40101 SET character_set_client = utf8 */;
CREATE TABLE `energy` (
  `id` int(11) NOT NULL AUTO_INCREMENT,
  `group_id` int(11) DEFAULT NULL,
  `group_name` text,
  `energy` double DEFAULT NULL,
  `location` int(11) DEFAULT NULL,
  `time` timestamp NOT NULL DEFAULT CURRENT_TIMESTAMP,
  `status` int(11) DEFAULT '1',
  PRIMARY KEY (`id`),
  KEY `location` (`location`),
  CONSTRAINT `energy_ibfk_1` FOREIGN KEY (`location`) REFERENCES `locations` (`id`)
) ENGINE=InnoDB AUTO_INCREMENT=457 DEFAULT CHARSET=latin1;
/*!40101 SET character_set_client = @saved_cs_client */;

--
-- Dumping data for table `energy`
--

LOCK TABLES `energy` WRITE;
/*!40000 ALTER TABLE `energy` DISABLE KEYS */;
INSERT INTO `energy` VALUES (1,1,'Pantry',21,1,'2019-06-28 10:37:17',1),(2,2,'washroom',0,1,'2019-06-28 10:48:15',1),(3,3,'Reception',0,1,'2019-06-28 10:48:15',0),(4,4,'Administration',0,1,'2019-06-28 10:48:15',1),(5,5,'Accounts',41,1,'2019-06-28 10:48:15',1),(6,6,'Play Area',37,1,'2019-06-28 10:48:15',1),(7,7,'Pool Area',0,1,'2019-06-28 10:50:18',0),(8,8,'Rooms',0,1,'2019-06-28 10:50:18',1),(9,9,'Dinning',0,1,'2019-06-28 10:50:18',1),(10,10,'PGH',0,1,'2019-06-28 10:50:18',1),(11,11,'Acquired Area',12,1,'2019-06-28 10:50:18',1),(12,12,'NonPlay Area',0,1,'2019-06-28 10:50:18',0),(13,7,'Pool Area',0,1,'2019-06-28 09:51:22',0),(14,8,'Rooms',0,1,'2019-06-28 09:51:22',1),(15,9,'Dinning',0,1,'2019-06-28 09:51:22',1),(16,10,'PGH',0,1,'2019-06-28 09:51:22',1),(17,11,'Acquired Area',12,1,'2019-06-28 09:51:22',1),(18,12,'NonPlay Area',0,1,'2019-06-28 09:51:22',0),(19,2,'washroom',0,1,'2019-06-28 09:51:22',1),(20,3,'Reception',0,1,'2019-06-28 09:51:22',0),(21,4,'Administration',0,1,'2019-06-28 09:51:22',1),(22,5,'Accounts',41,1,'2019-06-28 09:51:22',1),(23,6,'Play Area',37,1,'2019-06-28 09:51:22',1),(24,1,'Pantry',21,1,'2019-06-28 09:51:22',1),(25,1,'Pantry',21,1,'2019-06-28 08:31:22',1),(26,2,'washroom',0,1,'2019-06-28 08:31:22',1),(27,3,'Reception',0,1,'2019-06-28 08:31:22',0),(28,4,'Administration',0,1,'2019-06-28 08:31:22',1),(29,5,'Accounts',41,1,'2019-06-28 08:31:22',1),(30,6,'Play Area',37,1,'2019-06-28 08:31:22',1),(31,7,'Pool Area',0,1,'2019-06-28 08:31:22',0),(32,8,'Rooms',0,1,'2019-06-28 08:31:22',1),(33,9,'Dinning',0,1,'2019-06-28 08:31:22',1),(34,10,'PGH',0,1,'2019-06-28 08:31:22',1),(35,11,'Acquired Area',12,1,'2019-06-28 08:31:22',1),(36,12,'NonPlay Area',0,1,'2019-06-28 08:31:22',0),(37,2,'washroom',0,1,'2019-06-28 08:07:02',1),(38,3,'Reception',0,1,'2019-06-28 08:07:02',0),(39,4,'Administration',0,1,'2019-06-28 08:07:02',1),(40,5,'Accounts',41,1,'2019-06-28 08:07:02',1),(41,6,'Play Area',37,1,'2019-06-28 08:07:02',1),(42,1,'Pantry',21,1,'2019-06-28 08:07:02',1),(43,7,'Pool Area',0,1,'2019-06-28 08:07:02',0),(44,8,'Rooms',0,1,'2019-06-28 08:07:02',1),(45,9,'Dinning',0,1,'2019-06-28 08:07:02',1),(46,10,'PGH',0,1,'2019-06-28 08:07:02',1),(47,11,'Acquired Area',12,1,'2019-06-28 08:07:02',1),(48,12,'NonPlay Area',0,1,'2019-06-28 08:07:02',0),(49,1,'Pantry',1,1,'2019-06-28 07:00:00',1),(50,7,'Pool Area',0,1,'2019-06-28 07:00:00',0),(51,8,'Rooms',0,1,'2019-06-28 07:00:00',1),(52,9,'Dinning',10,1,'2019-06-28 07:00:00',1),(53,10,'PGH',2,1,'2019-06-28 07:00:00',1),(54,11,'Acquired Area',0,1,'2019-06-28 07:00:00',1),(55,12,'NonPlay Area',0,1,'2019-06-28 07:00:00',0),(56,2,'washroom',11,1,'2019-06-28 07:00:00',1),(57,3,'Reception',0,1,'2019-06-28 07:00:00',0),(58,4,'Administration',20,1,'2019-06-28 07:00:00',1),(59,5,'Accounts',4,1,'2019-06-28 07:00:00',1),(60,6,'Play Area',17,1,'2019-06-28 07:00:00',1),(61,1,'Pantry',50,1,'2019-06-28 05:37:02',1),(62,2,'washroom',31,1,'2019-06-28 05:37:02',1),(63,3,'Reception',0,1,'2019-06-28 05:37:02',0),(64,4,'Administration',0,1,'2019-06-28 05:37:02',1),(65,5,'Accounts',15,1,'2019-06-28 05:37:02',1),(66,6,'Play Area',11,1,'2019-06-28 05:37:02',1),(67,7,'Pool Area',0,1,'2019-06-28 05:37:02',0),(68,8,'Rooms',0,1,'2019-06-28 05:37:02',1),(69,9,'Dinning',19,1,'2019-06-28 05:37:02',1),(70,10,'PGH',0,1,'2019-06-28 05:37:02',1),(71,11,'Acquired Area',22,1,'2019-06-28 05:37:02',1),(72,12,'NonPlay Area',0,1,'2019-06-28 05:37:02',0),(73,1,'Pantry',0,1,'2019-06-28 04:30:02',1),(74,2,'washroom',1,1,'2019-06-28 04:30:02',1),(75,3,'Reception',0,1,'2019-06-28 04:30:02',0),(76,4,'Administration',10,1,'2019-06-28 04:30:02',1),(77,5,'Accounts',41,1,'2019-06-28 04:30:02',1),(78,6,'Play Area',31,1,'2019-06-28 04:30:02',1),(79,7,'Pool Area',0,1,'2019-06-28 04:30:02',0),(80,8,'Rooms',26,1,'2019-06-28 04:30:02',1),(81,9,'Dinning',12,1,'2019-06-28 04:30:02',1),(82,10,'PGH',33,1,'2019-06-28 04:30:02',1),(83,11,'Acquired Area',7,1,'2019-06-28 04:30:02',1),(84,12,'NonPlay Area',0,1,'2019-06-28 04:30:02',0),(85,1,'Pantry',0,1,'2019-06-28 03:40:02',1),(86,7,'Pool Area',0,1,'2019-06-28 03:40:02',0),(87,8,'Rooms',26,1,'2019-06-28 03:40:02',1),(88,9,'Dinning',12,1,'2019-06-28 03:40:02',1),(89,10,'PGH',33,1,'2019-06-28 03:40:02',1),(90,11,'Acquired Area',7,1,'2019-06-28 03:40:02',1),(91,12,'NonPlay Area',0,1,'2019-06-28 03:40:02',0),(92,2,'washroom',1,1,'2019-06-28 03:40:02',1),(93,3,'Reception',0,1,'2019-06-28 03:40:02',0),(94,4,'Administration',10,1,'2019-06-28 03:40:02',1),(95,5,'Accounts',41,1,'2019-06-28 03:40:02',1),(96,6,'Play Area',31,1,'2019-06-28 03:40:02',1),(97,1,'Pantry',0,1,'2019-06-28 02:31:51',1),(98,2,'washroom',0,1,'2019-06-28 02:31:51',1),(99,3,'Reception',37,1,'2019-06-28 02:31:51',0),(100,4,'Administration',10,1,'2019-06-28 02:31:51',1),(101,5,'Accounts',21,1,'2019-06-28 02:31:51',1),(102,6,'Play Area',31,1,'2019-06-28 02:31:51',1),(103,7,'Pool Area',0,1,'2019-06-28 02:31:51',0),(104,8,'Rooms',22,1,'2019-06-28 02:31:51',1),(105,9,'Dinning',14,1,'2019-06-28 02:31:51',1),(106,10,'PGH',30,1,'2019-06-28 02:31:51',1),(107,11,'Acquired Area',17,1,'2019-06-28 02:31:51',1),(108,12,'NonPlay Area',0,1,'2019-06-28 02:31:51',0),(109,1,'Pantry',20,1,'2019-06-28 02:01:52',1),(110,7,'Pool Area',0,1,'2019-06-28 02:01:52',0),(111,8,'Rooms',21,1,'2019-06-28 02:01:52',1),(112,9,'Dinning',15,1,'2019-06-28 02:01:52',1),(113,10,'PGH',28,1,'2019-06-28 02:01:52',1),(114,11,'Acquired Area',18,1,'2019-06-28 02:01:52',1),(115,12,'NonPlay Area',0,1,'2019-06-28 02:01:52',0),(116,2,'washroom',0,1,'2019-06-28 02:01:52',1),(117,3,'Reception',31,1,'2019-06-28 02:01:52',0),(118,4,'Administration',14,1,'2019-06-28 02:01:52',1),(119,5,'Accounts',25,1,'2019-06-28 02:01:52',1),(120,6,'Play Area',26,1,'2019-06-28 02:01:52',1),(121,1,'Pantry',13,1,'2019-06-28 00:41:52',1),(122,2,'washroom',20,1,'2019-06-28 00:41:52',1),(123,3,'Reception',0,1,'2019-06-28 00:41:52',0),(124,4,'Administration',11,1,'2019-06-28 00:41:52',1),(125,5,'Accounts',21,1,'2019-06-28 00:41:52',1),(126,6,'Play Area',29,1,'2019-06-28 00:41:52',1),(127,7,'Pool Area',0,1,'2019-06-28 00:41:52',0),(128,8,'Rooms',18,1,'2019-06-28 00:41:52',1),(129,9,'Dinning',13,1,'2019-06-28 00:41:52',1),(130,10,'PGH',29,1,'2019-06-28 00:41:52',1),(131,11,'Acquired Area',19,1,'2019-06-28 00:41:52',1),(132,12,'NonPlay Area',0,1,'2019-06-28 00:41:52',0),(133,1,'Pantry',13,1,'2019-06-29 19:54:03',1),(134,2,'washroom',20,1,'2019-06-29 19:54:07',1),(135,3,'Reception',0,1,'2019-06-29 19:54:07',0),(136,4,'Administration',11,1,'2019-06-29 19:54:07',1),(137,5,'Accounts',21,1,'2019-06-29 19:54:07',1),(138,6,'Play Area',29,1,'2019-06-29 19:54:07',1),(139,7,'Pool Area',0,1,'2019-06-29 19:54:29',0),(140,8,'Rooms',21,1,'2019-06-29 19:54:29',1),(141,9,'Dinning',15,1,'2019-06-29 19:54:29',1),(142,10,'PGH',28,1,'2019-06-29 19:54:29',1),(143,11,'Acquired Area',18,1,'2019-06-29 19:54:29',1),(144,12,'NonPlay Area',0,1,'2019-06-29 19:54:29',0),(145,2,'washroom',22,1,'2019-06-30 00:41:52',1),(146,3,'Reception',10,1,'2019-06-30 00:41:52',1),(147,4,'Administration',15,1,'2019-06-30 00:41:52',1),(148,5,'Accounts',19,1,'2019-06-30 00:41:52',1),(149,6,'Play Area',25,1,'2019-06-30 00:41:52',1),(150,7,'Pool Area',0,1,'2019-06-30 00:41:52',0),(151,8,'Rooms',71,1,'2019-06-30 00:41:52',1),(152,9,'Dinning',17,1,'2019-06-30 00:41:52',1),(153,10,'PGH',26,1,'2019-06-30 00:41:52',1),(154,11,'Acquired Area',19,1,'2019-06-30 00:41:52',1),(155,12,'NonPlay Area',5,1,'2019-06-30 00:41:52',1),(156,1,'Pantry',17,1,'2019-06-30 00:41:52',1),(157,2,'washroom',24,1,'2019-06-30 01:41:52',1),(158,3,'Reception',8,1,'2019-06-30 01:41:52',1),(159,4,'Administration',13,1,'2019-06-30 01:41:52',1),(160,5,'Accounts',17,1,'2019-06-30 01:41:52',1),(161,6,'Play Area',23,1,'2019-06-30 01:41:52',1),(162,7,'Pool Area',0,1,'2019-06-30 01:41:52',0),(163,8,'Rooms',69,1,'2019-06-30 01:41:52',1),(164,9,'Dinning',21,1,'2019-06-30 01:41:52',1),(165,10,'PGH',21,1,'2019-06-30 01:41:52',1),(166,11,'Acquired Area',21,1,'2019-06-30 01:41:52',1),(167,12,'NonPlay Area',11,1,'2019-06-30 01:41:52',1),(168,1,'Pantry',18,1,'2019-06-30 01:41:52',1),(169,7,'Pool Area',10,1,'2019-06-30 02:41:52',1),(170,8,'Rooms',61,1,'2019-06-30 02:41:52',1),(171,9,'Dinning',23,1,'2019-06-30 02:41:52',1),(172,10,'PGH',31,1,'2019-06-30 02:41:52',1),(173,11,'Acquired Area',24,1,'2019-06-30 02:41:52',1),(174,12,'NonPlay Area',12,1,'2019-06-30 02:41:52',1),(175,2,'washroom',24,1,'2019-06-30 02:41:52',1),(176,3,'Reception',8,1,'2019-06-30 02:41:52',1),(177,4,'Administration',13,1,'2019-06-30 02:41:52',1),(178,5,'Accounts',17,1,'2019-06-30 02:41:52',1),(179,6,'Play Area',23,1,'2019-06-30 02:41:52',1),(180,1,'Pantry',18,1,'2019-06-30 02:41:52',1),(181,1,'Pantry',22,1,'2019-06-30 03:51:52',1),(182,2,'washroom',4,1,'2019-06-30 03:51:52',1),(183,3,'Reception',18,1,'2019-06-30 03:51:52',1),(184,4,'Administration',21,1,'2019-06-30 03:51:52',1),(185,5,'Accounts',10,1,'2019-06-30 03:51:52',1),(186,6,'Play Area',24,1,'2019-06-30 03:51:52',1),(187,7,'Pool Area',19,1,'2019-06-30 03:51:52',1),(188,8,'Rooms',49,1,'2019-06-30 03:51:52',1),(189,9,'Dinning',15,1,'2019-06-30 03:51:52',1),(190,10,'PGH',35,1,'2019-06-30 03:51:52',1),(191,11,'Acquired Area',26,1,'2019-06-30 03:51:52',1),(192,12,'NonPlay Area',18,1,'2019-06-30 03:51:52',1),(193,1,'Pantry',2,1,'2019-06-30 05:02:02',1),(194,2,'washroom',14,1,'2019-06-30 05:02:02',1),(195,3,'Reception',23,1,'2019-06-30 05:02:02',1),(196,4,'Administration',23,1,'2019-06-30 05:02:02',1),(197,5,'Accounts',14,1,'2019-06-30 05:02:02',1),(198,6,'Play Area',26,1,'2019-06-30 05:02:02',1),(199,7,'Pool Area',19,1,'2019-06-30 05:02:02',1),(200,8,'Rooms',49,1,'2019-06-30 05:02:02',1),(201,9,'Dinning',15,1,'2019-06-30 05:02:02',1),(202,10,'PGH',35,1,'2019-06-30 05:02:02',1),(203,11,'Acquired Area',26,1,'2019-06-30 05:02:02',1),(204,12,'NonPlay Area',18,1,'2019-06-30 05:02:02',1),(205,1,'Pantry',11,1,'2019-06-30 06:02:02',1),(206,2,'washroom',15,1,'2019-06-30 06:02:02',1),(207,3,'Reception',24,1,'2019-06-30 06:02:02',1),(208,4,'Administration',3,1,'2019-06-30 06:02:02',1),(209,5,'Accounts',4,1,'2019-06-30 06:02:02',1),(210,6,'Play Area',6,1,'2019-06-30 06:02:02',1),(211,7,'Pool Area',23,1,'2019-06-30 06:02:02',1),(212,8,'Rooms',53,1,'2019-06-30 06:02:02',1),(213,9,'Dinning',16,1,'2019-06-30 06:02:02',1),(214,10,'PGH',24,1,'2019-06-30 06:02:02',1),(215,11,'Acquired Area',21,1,'2019-06-30 06:02:02',1),(216,12,'NonPlay Area',18,1,'2019-06-30 06:02:02',1),(217,1,'Pantry',11,1,'2019-06-30 06:32:02',1),(218,2,'washroom',15,1,'2019-06-30 06:32:02',1),(219,3,'Reception',24,1,'2019-06-30 06:32:02',1),(220,4,'Administration',0,1,'2019-06-30 06:32:02',1),(221,5,'Accounts',4,1,'2019-06-30 06:32:02',1),(222,6,'Play Area',6,1,'2019-06-30 06:32:02',1),(223,7,'Pool Area',0,1,'2019-06-30 06:32:02',1),(224,8,'Rooms',35,1,'2019-06-30 06:32:02',1),(225,9,'Dinning',0,1,'2019-06-30 06:32:02',0),(226,10,'PGH',1,1,'2019-06-30 06:32:02',1),(227,11,'Acquired Area',21,1,'2019-06-30 06:32:02',1),(228,12,'NonPlay Area',0,1,'2019-06-30 06:32:02',1),(229,1,'Pantry',24,2,'2019-06-28 10:37:17',1),(230,2,'washroom',0,2,'2019-06-28 10:48:15',1),(231,3,'Reception',0,2,'2019-06-28 10:48:15',0),(232,4,'Administration',0,2,'2019-06-28 10:48:15',1),(233,5,'Accounts',41,2,'2019-06-28 10:48:15',1),(234,6,'Play Area',37,2,'2019-06-28 10:48:15',1),(235,7,'Pool Area',0,2,'2019-06-28 10:50:18',0),(236,8,'Rooms',0,2,'2019-06-28 10:50:18',1),(237,9,'Dinning',0,2,'2019-06-28 10:50:18',1),(238,10,'PGH',0,2,'2019-06-28 10:50:18',1),(239,11,'Acquired Area',12,2,'2019-06-28 10:50:18',1),(240,12,'NonPlay Area',0,2,'2019-06-28 10:50:18',0),(241,7,'Pool Area',0,2,'2019-06-28 09:51:22',0),(242,8,'Rooms',0,2,'2019-06-28 09:51:22',1),(243,9,'Dinning',0,2,'2019-06-28 09:51:22',1),(244,10,'PGH',0,2,'2019-06-28 09:51:22',1),(245,11,'Acquired Area',12,2,'2019-06-28 09:51:22',1),(246,12,'NonPlay Area',0,2,'2019-06-28 09:51:22',0),(247,2,'washroom',0,2,'2019-06-28 09:51:22',1),(248,3,'Reception',0,2,'2019-06-28 09:51:22',0),(249,4,'Administration',0,2,'2019-06-28 09:51:22',1),(250,5,'Accounts',41,2,'2019-06-28 09:51:22',1),(251,6,'Play Area',37,2,'2019-06-28 09:51:22',1),(252,1,'Pantry',21,2,'2019-06-28 09:51:22',1),(253,1,'Pantry',21,2,'2019-06-28 08:31:22',1),(254,2,'washroom',0,2,'2019-06-28 08:31:22',1),(255,3,'Reception',0,2,'2019-06-28 08:31:22',0),(256,4,'Administration',0,2,'2019-06-28 08:31:22',1),(257,5,'Accounts',41,2,'2019-06-28 08:31:22',1),(258,6,'Play Area',37,2,'2019-06-28 08:31:22',1),(259,7,'Pool Area',0,2,'2019-06-28 08:31:22',0),(260,8,'Rooms',0,2,'2019-06-28 08:31:22',1),(261,9,'Dinning',0,2,'2019-06-28 08:31:22',1),(262,10,'PGH',0,2,'2019-06-28 08:31:22',1),(263,11,'Acquired Area',12,2,'2019-06-28 08:31:22',1),(264,12,'NonPlay Area',0,2,'2019-06-28 08:31:22',0),(265,2,'washroom',0,2,'2019-06-28 08:07:02',1),(266,3,'Reception',0,2,'2019-06-28 08:07:02',0),(267,4,'Administration',0,2,'2019-06-28 08:07:02',1),(268,5,'Accounts',41,2,'2019-06-28 08:07:02',1),(269,6,'Play Area',37,2,'2019-06-28 08:07:02',1),(270,1,'Pantry',21,2,'2019-06-28 08:07:02',1),(271,7,'Pool Area',0,2,'2019-06-28 08:07:02',0),(272,8,'Rooms',0,2,'2019-06-28 08:07:02',1),(273,9,'Dinning',0,2,'2019-06-28 08:07:02',1),(274,10,'PGH',0,2,'2019-06-28 08:07:02',1),(275,11,'Acquired Area',12,2,'2019-06-28 08:07:02',1),(276,12,'NonPlay Area',0,2,'2019-06-28 08:07:02',0),(277,1,'Pantry',1,2,'2019-06-28 07:00:00',1),(278,7,'Pool Area',0,2,'2019-06-28 07:00:00',0),(279,8,'Rooms',0,2,'2019-06-28 07:00:00',1),(280,9,'Dinning',10,2,'2019-06-28 07:00:00',1),(281,10,'PGH',2,2,'2019-06-28 07:00:00',1),(282,11,'Acquired Area',0,2,'2019-06-28 07:00:00',1),(283,12,'NonPlay Area',0,2,'2019-06-28 07:00:00',0),(284,2,'washroom',11,2,'2019-06-28 07:00:00',1),(285,3,'Reception',0,2,'2019-06-28 07:00:00',0),(286,4,'Administration',20,2,'2019-06-28 07:00:00',1),(287,5,'Accounts',4,2,'2019-06-28 07:00:00',1),(288,6,'Play Area',17,2,'2019-06-28 07:00:00',1),(289,1,'Pantry',50,2,'2019-06-28 05:37:02',1),(290,2,'washroom',31,2,'2019-06-28 05:37:02',1),(291,3,'Reception',0,2,'2019-06-28 05:37:02',0),(292,4,'Administration',0,2,'2019-06-28 05:37:02',1),(293,5,'Accounts',15,2,'2019-06-28 05:37:02',1),(294,6,'Play Area',11,2,'2019-06-28 05:37:02',1),(295,7,'Pool Area',0,2,'2019-06-28 05:37:02',0),(296,8,'Rooms',0,2,'2019-06-28 05:37:02',1),(297,9,'Dinning',19,2,'2019-06-28 05:37:02',1),(298,10,'PGH',0,2,'2019-06-28 05:37:02',1),(299,11,'Acquired Area',22,2,'2019-06-28 05:37:02',1),(300,12,'NonPlay Area',0,2,'2019-06-28 05:37:02',0),(301,1,'Pantry',0,2,'2019-06-28 04:30:02',1),(302,2,'washroom',1,2,'2019-06-28 04:30:02',1),(303,3,'Reception',0,2,'2019-06-28 04:30:02',0),(304,4,'Administration',10,2,'2019-06-28 04:30:02',1),(305,5,'Accounts',41,2,'2019-06-28 04:30:02',1),(306,6,'Play Area',31,2,'2019-06-28 04:30:02',1),(307,7,'Pool Area',0,2,'2019-06-28 04:30:02',0),(308,8,'Rooms',26,2,'2019-06-28 04:30:02',1),(309,9,'Dinning',12,2,'2019-06-28 04:30:02',1),(310,10,'PGH',33,2,'2019-06-28 04:30:02',1),(311,11,'Acquired Area',7,2,'2019-06-28 04:30:02',1),(312,12,'NonPlay Area',0,2,'2019-06-28 04:30:02',0),(313,1,'Pantry',0,2,'2019-06-28 03:40:02',1),(314,7,'Pool Area',0,2,'2019-06-28 03:40:02',0),(315,8,'Rooms',26,2,'2019-06-28 03:40:02',1),(316,9,'Dinning',12,2,'2019-06-28 03:40:02',1),(317,10,'PGH',33,2,'2019-06-28 03:40:02',1),(318,11,'Acquired Area',7,2,'2019-06-28 03:40:02',1),(319,12,'NonPlay Area',0,2,'2019-06-28 03:40:02',0),(320,2,'washroom',1,2,'2019-06-28 03:40:02',1),(321,3,'Reception',0,2,'2019-06-28 03:40:02',0),(322,4,'Administration',10,2,'2019-06-28 03:40:02',1),(323,5,'Accounts',41,2,'2019-06-28 03:40:02',1),(324,6,'Play Area',31,2,'2019-06-28 03:40:02',1),(325,1,'Pantry',0,2,'2019-06-28 02:31:51',1),(326,2,'washroom',0,2,'2019-06-28 02:31:51',1),(327,3,'Reception',37,2,'2019-06-28 02:31:51',0),(328,4,'Administration',10,2,'2019-06-28 02:31:51',1),(329,5,'Accounts',21,2,'2019-06-28 02:31:51',1),(330,6,'Play Area',31,2,'2019-06-28 02:31:51',1),(331,7,'Pool Area',0,2,'2019-06-28 02:31:51',0),(332,8,'Rooms',22,2,'2019-06-28 02:31:51',1),(333,9,'Dinning',14,2,'2019-06-28 02:31:51',1),(334,10,'PGH',30,2,'2019-06-28 02:31:51',1),(335,11,'Acquired Area',17,2,'2019-06-28 02:31:51',1),(336,12,'NonPlay Area',0,2,'2019-06-28 02:31:51',0),(337,1,'Pantry',20,2,'2019-06-28 02:01:52',1),(338,7,'Pool Area',0,2,'2019-06-28 02:01:52',0),(339,8,'Rooms',21,2,'2019-06-28 02:01:52',1),(340,9,'Dinning',15,2,'2019-06-28 02:01:52',1),(341,10,'PGH',28,2,'2019-06-28 02:01:52',1),(342,11,'Acquired Area',18,2,'2019-06-28 02:01:52',1),(343,12,'NonPlay Area',0,2,'2019-06-28 02:01:52',0),(344,2,'washroom',0,2,'2019-06-28 02:01:52',1),(345,3,'Reception',31,2,'2019-06-28 02:01:52',0),(346,4,'Administration',14,2,'2019-06-28 02:01:52',1),(347,5,'Accounts',25,2,'2019-06-28 02:01:52',1),(348,6,'Play Area',26,2,'2019-06-28 02:01:52',1),(349,1,'Pantry',13,2,'2019-06-28 00:41:52',1),(350,2,'washroom',20,2,'2019-06-28 00:41:52',1),(351,3,'Reception',0,2,'2019-06-28 00:41:52',0),(352,4,'Administration',11,2,'2019-06-28 00:41:52',1),(353,5,'Accounts',21,2,'2019-06-28 00:41:52',1),(354,6,'Play Area',29,2,'2019-06-28 00:41:52',1),(355,7,'Pool Area',0,2,'2019-06-28 00:41:52',0),(356,8,'Rooms',18,2,'2019-06-28 00:41:52',1),(357,9,'Dinning',13,2,'2019-06-28 00:41:52',1),(358,10,'PGH',29,2,'2019-06-28 00:41:52',1),(359,11,'Acquired Area',19,2,'2019-06-28 00:41:52',1),(360,12,'NonPlay Area',0,2,'2019-06-28 00:41:52',0),(361,1,'Pantry',13,2,'2019-06-29 19:54:03',1),(362,2,'washroom',20,2,'2019-06-29 19:54:07',1),(363,3,'Reception',0,2,'2019-06-29 19:54:07',0),(364,4,'Administration',11,2,'2019-06-29 19:54:07',1),(365,5,'Accounts',21,2,'2019-06-29 19:54:07',1),(366,6,'Play Area',29,2,'2019-06-29 19:54:07',1),(367,7,'Pool Area',0,2,'2019-06-29 19:54:29',0),(368,8,'Rooms',21,2,'2019-06-29 19:54:29',1),(369,9,'Dinning',15,2,'2019-06-29 19:54:29',1),(370,10,'PGH',28,2,'2019-06-29 19:54:29',1),(371,11,'Acquired Area',18,2,'2019-06-29 19:54:29',1),(372,12,'NonPlay Area',0,2,'2019-06-29 19:54:29',0),(373,2,'washroom',22,2,'2019-06-30 00:41:52',1),(374,3,'Reception',10,2,'2019-06-30 00:41:52',1),(375,4,'Administration',15,2,'2019-06-30 00:41:52',1),(376,5,'Accounts',19,2,'2019-06-30 00:41:52',1),(377,6,'Play Area',25,2,'2019-06-30 00:41:52',1),(378,7,'Pool Area',0,2,'2019-06-30 00:41:52',0),(379,8,'Rooms',71,2,'2019-06-30 00:41:52',1),(380,9,'Dinning',17,2,'2019-06-30 00:41:52',1),(381,10,'PGH',26,2,'2019-06-30 00:41:52',1),(382,11,'Acquired Area',19,2,'2019-06-30 00:41:52',1),(383,12,'NonPlay Area',5,2,'2019-06-30 00:41:52',1),(384,1,'Pantry',17,2,'2019-06-30 00:41:52',1),(385,2,'washroom',24,2,'2019-06-30 01:41:52',1),(386,3,'Reception',8,2,'2019-06-30 01:41:52',1),(387,4,'Administration',13,2,'2019-06-30 01:41:52',1),(388,5,'Accounts',17,2,'2019-06-30 01:41:52',1),(389,6,'Play Area',23,2,'2019-06-30 01:41:52',1),(390,7,'Pool Area',0,2,'2019-06-30 01:41:52',0),(391,8,'Rooms',69,2,'2019-06-30 01:41:52',1),(392,9,'Dinning',21,2,'2019-06-30 01:41:52',1),(393,10,'PGH',21,2,'2019-06-30 01:41:52',1),(394,11,'Acquired Area',21,2,'2019-06-30 01:41:52',1),(395,12,'NonPlay Area',11,2,'2019-06-30 01:41:52',1),(396,1,'Pantry',18,2,'2019-06-30 01:41:52',1),(397,7,'Pool Area',10,2,'2019-06-30 02:41:52',1),(398,8,'Rooms',61,2,'2019-06-30 02:41:52',1),(399,9,'Dinning',23,2,'2019-06-30 02:41:52',1),(400,10,'PGH',31,2,'2019-06-30 02:41:52',1),(401,11,'Acquired Area',24,2,'2019-06-30 02:41:52',1),(402,12,'NonPlay Area',12,2,'2019-06-30 02:41:52',1),(403,2,'washroom',24,2,'2019-06-30 02:41:52',1),(404,3,'Reception',8,2,'2019-06-30 02:41:52',1),(405,4,'Administration',13,2,'2019-06-30 02:41:52',1),(406,5,'Accounts',17,2,'2019-06-30 02:41:52',1),(407,6,'Play Area',23,2,'2019-06-30 02:41:52',1),(408,1,'Pantry',18,2,'2019-06-30 02:41:52',1),(409,1,'Pantry',22,2,'2019-06-30 03:51:52',1),(410,2,'washroom',4,2,'2019-06-30 03:51:52',1),(411,3,'Reception',18,2,'2019-06-30 03:51:52',1),(412,4,'Administration',21,2,'2019-06-30 03:51:52',1),(413,5,'Accounts',10,2,'2019-06-30 03:51:52',1),(414,6,'Play Area',24,2,'2019-06-30 03:51:52',1),(415,7,'Pool Area',19,2,'2019-06-30 03:51:52',1),(416,8,'Rooms',49,2,'2019-06-30 03:51:52',1),(417,9,'Dinning',15,2,'2019-06-30 03:51:52',1),(418,10,'PGH',35,2,'2019-06-30 03:51:52',1),(419,11,'Acquired Area',26,2,'2019-06-30 03:51:52',1),(420,12,'NonPlay Area',18,2,'2019-06-30 03:51:52',1),(421,1,'Pantry',2,2,'2019-06-30 05:02:02',1),(422,2,'washroom',14,2,'2019-06-30 05:02:02',1),(423,3,'Reception',23,2,'2019-06-30 05:02:02',1),(424,4,'Administration',23,2,'2019-06-30 05:02:02',1),(425,5,'Accounts',14,2,'2019-06-30 05:02:02',1),(426,6,'Play Area',26,2,'2019-06-30 05:02:02',1),(427,7,'Pool Area',19,2,'2019-06-30 05:02:02',1),(428,8,'Rooms',49,2,'2019-06-30 05:02:02',1),(429,9,'Dinning',15,2,'2019-06-30 05:02:02',1),(430,10,'PGH',35,2,'2019-06-30 05:02:02',1),(431,11,'Acquired Area',26,2,'2019-06-30 05:02:02',1),(432,12,'NonPlay Area',18,2,'2019-06-30 05:02:02',1),(433,1,'Pantry',11,2,'2019-06-30 06:02:02',1),(434,2,'washroom',15,2,'2019-06-30 06:02:02',1),(435,3,'Reception',24,2,'2019-06-30 06:02:02',1),(436,4,'Administration',3,2,'2019-06-30 06:02:02',1),(437,5,'Accounts',4,2,'2019-06-30 06:02:02',1),(438,6,'Play Area',6,2,'2019-06-30 06:02:02',1),(439,7,'Pool Area',23,2,'2019-06-30 06:02:02',1),(440,8,'Rooms',53,2,'2019-06-30 06:02:02',1),(441,9,'Dinning',16,2,'2019-06-30 06:02:02',1),(442,10,'PGH',24,2,'2019-06-30 06:02:02',1),(443,11,'Acquired Area',21,2,'2019-06-30 06:02:02',1),(444,12,'NonPlay Area',18,2,'2019-06-30 06:02:02',1),(445,1,'Pantry',11,2,'2019-06-30 06:32:02',1),(446,2,'washroom',15,2,'2019-06-30 06:32:02',1),(447,3,'Reception',24,2,'2019-06-30 06:32:02',1),(448,4,'Administration',0,2,'2019-06-30 06:32:02',0),(449,5,'Accounts',4,2,'2019-06-30 06:32:02',1),(450,6,'Play Area',6,2,'2019-06-30 06:32:02',1),(451,7,'Pool Area',0,2,'2019-06-30 06:32:02',1),(452,8,'Rooms',43,2,'2019-06-30 06:32:02',1),(453,9,'Dinning',0,2,'2019-06-30 06:32:02',0),(454,10,'PGH',1,2,'2019-06-30 06:32:02',1),(455,11,'Acquired Area',21,2,'2019-06-30 06:32:02',1),(456,12,'NonPlay Area',0,2,'2019-06-30 06:32:02',1);
/*!40000 ALTER TABLE `energy` ENABLE KEYS */;
UNLOCK TABLES;

--
-- Table structure for table `groups`
--

DROP TABLE IF EXISTS `groups`;
/*!40101 SET @saved_cs_client     = @@character_set_client */;
/*!40101 SET character_set_client = utf8 */;
CREATE TABLE `groups` (
  `id` int(11) NOT NULL AUTO_INCREMENT,
  `group_id` int(11) DEFAULT NULL,
  `group_name` text,
  `locationid` int(11) DEFAULT NULL,
  `subgroup` tinyint(1) DEFAULT NULL,
  PRIMARY KEY (`id`)
) ENGINE=InnoDB AUTO_INCREMENT=24 DEFAULT CHARSET=latin1;
/*!40101 SET character_set_client = @saved_cs_client */;

--
-- Dumping data for table `groups`
--

LOCK TABLES `groups` WRITE;
/*!40000 ALTER TABLE `groups` DISABLE KEYS */;
INSERT INTO `groups` VALUES (1,1,'Pantry',1,0),(2,2,'Washroom',1,0),(3,3,'Reception',1,0),(4,4,'Administration',1,1),(5,5,'Accounts',1,0),(6,6,'Play Area',1,1),(7,7,'Pool area',1,0),(8,8,'Rooms',1,1),(9,9,'Dinning',1,1),(10,10,'PGH',1,0),(11,11,'Aquired Area',1,0),(12,12,'Nonplay area',1,0),(13,1,'Pantry',2,0),(14,11,'Aquired Area',2,0),(15,12,'Nonplay area',2,0),(16,3,'Reception',2,0),(17,4,'Administration',2,0),(18,5,'Accounts',2,0),(19,6,'Play Area',2,0),(20,7,'Pool area',2,0),(21,8,'Rooms',2,1),(22,9,'Dinning',2,1),(23,10,'PGH',2,0);
/*!40000 ALTER TABLE `groups` ENABLE KEYS */;
UNLOCK TABLES;

--
-- Table structure for table `locations`
--

DROP TABLE IF EXISTS `locations`;
/*!40101 SET @saved_cs_client     = @@character_set_client */;
/*!40101 SET character_set_client = utf8 */;
CREATE TABLE `locations` (
  `id` int(11) NOT NULL AUTO_INCREMENT,
  `location` text,
  PRIMARY KEY (`id`)
) ENGINE=InnoDB AUTO_INCREMENT=4 DEFAULT CHARSET=latin1;
/*!40101 SET character_set_client = @saved_cs_client */;

--
-- Dumping data for table `locations`
--

LOCK TABLES `locations` WRITE;
/*!40000 ALTER TABLE `locations` DISABLE KEYS */;
INSERT INTO `locations` VALUES (1,'DELHI'),(2,'GURUGRAM'),(3,'BANGLORE');
/*!40000 ALTER TABLE `locations` ENABLE KEYS */;
UNLOCK TABLES;

--
-- Table structure for table `rooms_data`
--

DROP TABLE IF EXISTS `rooms_data`;
/*!40101 SET @saved_cs_client     = @@character_set_client */;
/*!40101 SET character_set_client = utf8 */;
CREATE TABLE `rooms_data` (
  `id` int(11) NOT NULL,
  `room_number` int(11) NOT NULL,
  `energy` double DEFAULT NULL,
  `location` int(11) DEFAULT NULL,
  `time` timestamp NOT NULL DEFAULT CURRENT_TIMESTAMP,
  `status` int(11) DEFAULT '1',
  PRIMARY KEY (`id`)
) ENGINE=InnoDB DEFAULT CHARSET=latin1;
/*!40101 SET character_set_client = @saved_cs_client */;

--
-- Dumping data for table `rooms_data`
--

LOCK TABLES `rooms_data` WRITE;
/*!40000 ALTER TABLE `rooms_data` DISABLE KEYS */;
INSERT INTO `rooms_data` VALUES (1,101,12,1,'2019-07-01 10:28:29',1),(2,123,12,1,'2019-07-01 10:28:42',1),(3,24,12,1,'2019-07-01 10:28:48',1),(4,103,12,1,'2019-07-01 10:29:06',1),(5,105,21,1,'2019-07-01 10:29:15',1),(6,112,25,1,'2019-07-01 10:29:25',1),(7,111,29,1,'2019-07-01 10:29:35',1),(8,141,0,1,'2019-07-01 10:29:44',1),(9,41,19,1,'2019-07-01 10:29:54',1),(10,88,6,1,'2019-07-01 10:30:16',1),(11,83,16,1,'2019-07-01 10:30:25',1),(12,99,0,1,'2019-07-01 10:30:37',0),(13,100,0,1,'2019-07-01 10:31:22',0),(14,101,12,1,'2019-07-01 09:28:29',1),(15,99,0,1,'2019-07-01 09:28:29',0),(16,83,18,1,'2019-07-01 09:28:29',1),(17,88,16,1,'2019-07-01 09:28:29',1),(18,41,21,1,'2019-07-01 09:28:29',1),(19,141,20,1,'2019-07-01 09:28:29',1),(20,111,24,1,'2019-07-01 09:28:29',1),(21,112,22,1,'2019-07-01 09:28:29',1),(22,105,20,1,'2019-07-01 09:28:29',1),(23,103,12,1,'2019-07-01 09:28:29',1),(24,24,11,1,'2019-07-01 09:28:29',1),(25,123,15,1,'2019-07-01 09:28:29',1),(26,101,15,1,'2019-07-01 07:58:29',1),(27,99,0,1,'2019-07-01 07:58:29',0),(28,83,18,1,'2019-07-01 07:58:29',1),(29,88,16,1,'2019-07-01 07:58:29',1),(30,41,21,1,'2019-07-01 07:58:29',1),(31,141,20,1,'2019-07-01 07:58:29',1),(32,111,24,1,'2019-07-01 07:58:29',1),(33,112,22,1,'2019-07-01 07:58:29',1),(34,105,20,1,'2019-07-01 07:58:29',1),(35,103,12,1,'2019-07-01 07:58:29',1),(36,24,11,1,'2019-07-01 07:58:29',1),(37,123,15,1,'2019-07-01 07:58:29',1),(38,101,15,1,'2019-07-01 06:58:29',1),(39,99,0,1,'2019-07-01 06:58:29',0),(40,83,18,1,'2019-07-01 06:58:29',1),(41,88,16,1,'2019-07-01 06:58:29',1),(42,41,21,1,'2019-07-01 06:58:29',1),(43,141,20,1,'2019-07-01 06:58:29',1),(44,111,24,1,'2019-07-01 06:58:29',1),(45,112,22,1,'2019-07-01 06:58:29',1),(46,105,20,1,'2019-07-01 06:58:29',1),(47,103,12,1,'2019-07-01 06:58:29',1),(48,24,11,1,'2019-07-01 06:58:29',1),(49,123,15,1,'2019-07-01 06:58:29',1),(50,101,15,1,'2019-07-01 05:58:29',1),(51,99,0,1,'2019-07-01 05:58:29',0),(52,83,18,1,'2019-07-01 05:58:29',1),(53,88,16,1,'2019-07-01 05:58:29',1),(54,41,21,1,'2019-07-01 05:58:29',1),(55,141,20,1,'2019-07-01 05:58:29',1),(56,111,24,1,'2019-07-01 05:58:29',1),(57,112,22,1,'2019-07-01 05:58:29',1),(58,105,20,1,'2019-07-01 05:58:29',1),(59,103,12,1,'2019-07-01 05:58:29',1),(60,24,11,1,'2019-07-01 05:58:29',1),(61,123,15,1,'2019-07-01 05:58:29',1),(62,101,15,1,'2019-07-01 04:58:29',1),(63,99,0,1,'2019-07-01 04:58:29',0),(64,83,18,1,'2019-07-01 04:58:29',1),(65,88,16,1,'2019-07-01 04:58:29',1),(66,41,21,1,'2019-07-01 04:58:29',1),(67,141,20,1,'2019-07-01 04:58:29',1),(68,111,24,1,'2019-07-01 04:58:29',1),(69,112,22,1,'2019-07-01 04:58:29',1),(70,105,20,1,'2019-07-01 04:58:29',1),(71,103,12,1,'2019-07-01 04:58:29',1),(72,24,11,1,'2019-07-01 04:58:29',1),(73,123,15,1,'2019-07-01 04:58:29',1),(74,101,15,1,'2019-07-01 03:51:09',1),(75,99,0,1,'2019-07-01 03:51:09',0),(76,83,18,1,'2019-07-01 03:51:09',1),(77,88,16,1,'2019-07-01 03:51:09',1),(78,41,21,1,'2019-07-01 03:51:09',1),(79,141,20,1,'2019-07-01 03:51:09',1),(80,111,24,1,'2019-07-01 03:51:09',1),(81,112,22,1,'2019-07-01 03:51:09',1),(82,105,20,1,'2019-07-01 03:51:09',1),(83,103,12,1,'2019-07-01 03:51:09',1),(84,24,11,1,'2019-07-01 03:51:09',1),(85,123,15,1,'2019-07-01 03:51:09',1),(86,101,15,1,'2019-07-01 02:41:09',1),(87,99,0,1,'2019-07-01 02:41:09',0),(88,83,18,1,'2019-07-01 02:41:09',1),(89,88,16,1,'2019-07-01 02:41:09',1),(90,41,21,1,'2019-07-01 02:41:09',1),(91,141,20,1,'2019-07-01 02:41:09',1),(92,111,24,1,'2019-07-01 02:41:09',1),(93,112,22,1,'2019-07-01 02:41:09',1),(94,105,20,1,'2019-07-01 02:41:09',1),(95,103,12,1,'2019-07-01 02:41:09',1),(96,24,11,1,'2019-07-01 02:41:09',1),(97,123,15,1,'2019-07-01 02:41:09',1),(98,101,12,2,'2019-07-01 10:28:29',1),(99,123,12,2,'2019-07-01 10:28:42',1),(100,24,12,2,'2019-07-01 10:28:48',1),(101,103,12,2,'2019-07-01 10:29:06',1),(102,105,21,2,'2019-07-01 10:29:15',1),(103,112,25,2,'2019-07-01 10:29:25',1),(104,111,29,2,'2019-07-01 10:29:35',1),(105,141,0,2,'2019-07-01 10:29:44',1),(106,41,19,2,'2019-07-01 10:29:54',1),(107,88,6,2,'2019-07-01 10:30:16',1),(108,83,16,2,'2019-07-01 10:30:25',1),(109,99,0,2,'2019-07-01 10:30:37',0),(110,100,0,2,'2019-07-01 10:31:22',0),(111,101,12,2,'2019-07-01 09:28:29',1),(112,99,0,2,'2019-07-01 09:28:29',0),(113,83,18,2,'2019-07-01 09:28:29',1),(114,88,16,2,'2019-07-01 09:28:29',1),(115,41,21,2,'2019-07-01 09:28:29',1),(116,141,20,2,'2019-07-01 09:28:29',1),(117,111,24,2,'2019-07-01 09:28:29',1),(118,112,22,2,'2019-07-01 09:28:29',1),(119,105,20,2,'2019-07-01 09:28:29',1),(120,103,12,2,'2019-07-01 09:28:29',1),(121,24,11,2,'2019-07-01 09:28:29',1),(122,123,15,2,'2019-07-01 09:28:29',1),(123,101,15,2,'2019-07-01 07:58:29',1),(124,99,0,2,'2019-07-01 07:58:29',0),(125,83,18,2,'2019-07-01 07:58:29',1),(126,88,16,2,'2019-07-01 07:58:29',1),(127,41,21,2,'2019-07-01 07:58:29',1),(128,141,20,2,'2019-07-01 07:58:29',1),(129,111,24,2,'2019-07-01 07:58:29',1),(130,112,22,2,'2019-07-01 07:58:29',1),(131,105,20,2,'2019-07-01 07:58:29',1),(132,103,12,2,'2019-07-01 07:58:29',1),(133,24,11,2,'2019-07-01 07:58:29',1),(134,123,15,2,'2019-07-01 07:58:29',1),(135,101,15,2,'2019-07-01 06:58:29',1),(136,99,0,2,'2019-07-01 06:58:29',0),(137,83,18,2,'2019-07-01 06:58:29',1),(138,88,16,2,'2019-07-01 06:58:29',1),(139,41,21,2,'2019-07-01 06:58:29',1),(140,141,20,2,'2019-07-01 06:58:29',1),(141,111,24,2,'2019-07-01 06:58:29',1),(142,112,22,2,'2019-07-01 06:58:29',1),(143,105,20,2,'2019-07-01 06:58:29',1),(144,103,12,2,'2019-07-01 06:58:29',1),(145,24,11,2,'2019-07-01 06:58:29',1),(146,123,15,2,'2019-07-01 06:58:29',1),(147,101,15,2,'2019-07-01 05:58:29',1),(148,99,0,2,'2019-07-01 05:58:29',0),(149,83,18,2,'2019-07-01 05:58:29',1),(150,88,16,2,'2019-07-01 05:58:29',1),(151,41,21,2,'2019-07-01 05:58:29',1),(152,141,20,2,'2019-07-01 05:58:29',1),(153,111,24,2,'2019-07-01 05:58:29',1),(154,112,22,2,'2019-07-01 05:58:29',1),(155,105,20,2,'2019-07-01 05:58:29',1),(156,103,12,2,'2019-07-01 05:58:29',1),(157,24,11,2,'2019-07-01 05:58:29',1),(158,123,15,2,'2019-07-01 05:58:29',1),(159,101,15,2,'2019-07-01 04:58:29',1),(160,99,0,2,'2019-07-01 04:58:29',0),(161,83,18,2,'2019-07-01 04:58:29',1),(162,88,16,2,'2019-07-01 04:58:29',1),(163,41,21,2,'2019-07-01 04:58:29',1),(164,141,20,2,'2019-07-01 04:58:29',1),(165,111,24,2,'2019-07-01 04:58:29',1),(166,112,22,2,'2019-07-01 04:58:29',1),(167,105,20,2,'2019-07-01 04:58:29',1),(168,103,12,2,'2019-07-01 04:58:29',1),(169,24,11,2,'2019-07-01 04:58:29',1),(170,123,15,2,'2019-07-01 04:58:29',1),(171,101,15,2,'2019-07-01 03:51:09',1),(172,99,0,2,'2019-07-01 03:51:09',0),(173,83,18,2,'2019-07-01 03:51:09',1),(174,88,16,2,'2019-07-01 03:51:09',1),(175,41,21,2,'2019-07-01 03:51:09',1),(176,141,20,2,'2019-07-01 03:51:09',1),(177,111,24,2,'2019-07-01 03:51:09',1),(178,112,22,2,'2019-07-01 03:51:09',1),(179,105,20,2,'2019-07-01 03:51:09',1),(180,103,12,2,'2019-07-01 03:51:09',1),(181,24,11,2,'2019-07-01 03:51:09',1),(182,123,15,2,'2019-07-01 03:51:09',1),(183,101,15,2,'2019-07-01 02:41:09',1),(184,99,0,2,'2019-07-01 02:41:09',0),(185,83,18,2,'2019-07-01 02:41:09',1),(186,88,16,2,'2019-07-01 02:41:09',1),(187,41,21,2,'2019-07-01 02:41:09',1),(188,141,20,2,'2019-07-01 02:41:09',1),(189,111,24,2,'2019-07-01 02:41:09',1),(190,112,22,2,'2019-07-01 02:41:09',1),(191,105,20,2,'2019-07-01 02:41:09',1),(192,103,12,2,'2019-07-01 02:41:09',1),(193,24,11,2,'2019-07-01 02:41:09',1),(194,123,15,2,'2019-07-01 02:41:09',1);
/*!40000 ALTER TABLE `rooms_data` ENABLE KEYS */;
UNLOCK TABLES;

--
-- Table structure for table `subgroups`
--

DROP TABLE IF EXISTS `subgroups`;
/*!40101 SET @saved_cs_client     = @@character_set_client */;
/*!40101 SET character_set_client = utf8 */;
CREATE TABLE `subgroups` (
  `id` int(11) NOT NULL AUTO_INCREMENT,
  `subgroup_id` int(11) DEFAULT NULL,
  `subgroup_name` text,
  `parentgroup_id` int(11) DEFAULT NULL,
  `locationid` int(11) DEFAULT NULL,
  PRIMARY KEY (`id`)
) ENGINE=InnoDB AUTO_INCREMENT=33 DEFAULT CHARSET=latin1;
/*!40101 SET character_set_client = @saved_cs_client */;

--
-- Dumping data for table `subgroups`
--

LOCK TABLES `subgroups` WRITE;
/*!40000 ALTER TABLE `subgroups` DISABLE KEYS */;
INSERT INTO `subgroups` VALUES (1,1,'Admin1',4,1),(2,1,'Admin2',4,1),(3,1,'Admin3',4,1),(4,2,'Play Area1',6,1),(5,2,'Play Area2',6,1),(6,3,'100',8,1),(8,3,'101',8,1),(9,3,'30',8,1),(10,3,'109',8,1),(11,3,'21',8,1),(12,3,'32',8,1),(13,3,'116',8,1),(14,3,'121',8,1),(15,3,'01',8,1),(16,3,'110',8,1),(17,4,'XA1',9,1),(18,4,'XB1',9,1),(19,4,'SA2',9,1),(20,1,'99',8,2),(21,1,'100',8,2),(22,1,'101',8,2),(23,1,'30',8,2),(24,1,'108',8,2),(25,1,'32',8,2),(26,1,'116',8,2),(27,1,'121',8,2),(28,1,'110',8,2),(29,1,'16',8,2),(30,2,'X16',9,2),(31,2,'XA1',9,2),(32,2,'UB0',9,2);
/*!40000 ALTER TABLE `subgroups` ENABLE KEYS */;
UNLOCK TABLES;

--
-- Table structure for table `subgroups_energy`
--

DROP TABLE IF EXISTS `subgroups_energy`;
/*!40101 SET @saved_cs_client     = @@character_set_client */;
/*!40101 SET character_set_client = utf8 */;
CREATE TABLE `subgroups_energy` (
  `id` int(11) NOT NULL AUTO_INCREMENT,
  `subgroup_id` int(11) DEFAULT NULL,
  `energy` double DEFAULT NULL,
  `locationid` int(11) DEFAULT NULL,
  `time` timestamp NOT NULL DEFAULT CURRENT_TIMESTAMP,
  `parentgroup_id` int(11) DEFAULT NULL,
  `subgroup_name` text,
  PRIMARY KEY (`id`)
) ENGINE=InnoDB AUTO_INCREMENT=218 DEFAULT CHARSET=latin1;
/*!40101 SET character_set_client = @saved_cs_client */;

--
-- Dumping data for table `subgroups_energy`
--

LOCK TABLES `subgroups_energy` WRITE;
/*!40000 ALTER TABLE `subgroups_energy` DISABLE KEYS */;
INSERT INTO `subgroups_energy` VALUES (1,1,20,1,'2019-07-01 02:41:09',4,'Admin1'),(2,1,17,1,'2019-07-01 03:40:09',4,'Admin1'),(3,1,20,1,'2019-07-01 04:41:09',4,'Admin1'),(4,1,22,1,'2019-07-01 05:41:09',4,'Admin1'),(5,1,20,1,'2019-07-01 06:53:09',4,'Admin1'),(6,1,16,1,'2019-07-01 07:41:09',4,'Admin1'),(7,1,15,1,'2019-07-01 08:41:09',4,'Admin1'),(8,1,20,1,'2019-07-01 02:41:09',4,'Admin2'),(9,1,17,1,'2019-07-01 03:40:09',4,'Admin2'),(10,1,20,1,'2019-07-01 04:41:09',4,'Admin2'),(11,1,22,1,'2019-07-01 05:41:09',4,'Admin2'),(12,1,20,1,'2019-07-01 06:53:09',4,'Admin2'),(13,1,16,1,'2019-07-01 07:41:09',4,'Admin2'),(14,1,15,1,'2019-07-01 08:41:09',4,'Admin2'),(15,1,20,1,'2019-07-01 02:41:09',4,'Admin3'),(16,1,17,1,'2019-07-01 03:40:09',4,'Admin3'),(17,1,20,1,'2019-07-01 04:41:09',4,'Admin3'),(18,1,22,1,'2019-07-01 05:41:09',4,'Admin3'),(19,1,20,1,'2019-07-01 06:53:09',4,'Admin3'),(20,1,16,1,'2019-07-01 07:41:09',4,'Admin3'),(21,1,15,1,'2019-07-01 08:41:09',4,'Admin3'),(22,2,20,1,'2019-07-01 02:41:09',6,'Play Area1'),(23,2,17,1,'2019-07-01 03:40:09',6,'Play Area1'),(24,2,15,1,'2019-07-01 04:41:09',6,'Play Area1'),(25,2,25,1,'2019-07-01 05:41:09',6,'Play Area1'),(26,2,20,1,'2019-07-01 06:53:09',6,'Play Area1'),(27,2,17,1,'2019-07-01 07:41:09',6,'Play Area1'),(28,2,13,1,'2019-07-01 08:41:09',6,'Play Area1'),(29,2,20,1,'2019-07-01 02:41:09',6,'Play Area2'),(30,2,17,1,'2019-07-01 03:40:09',6,'Play Area2'),(31,2,11,1,'2019-07-01 04:41:09',6,'Play Area2'),(32,2,25,1,'2019-07-01 05:41:09',6,'Play Area2'),(33,2,20,1,'2019-07-01 06:53:09',6,'Play Area2'),(34,2,17,1,'2019-07-01 07:41:09',6,'Play Area2'),(35,2,13,1,'2019-07-01 08:41:09',6,'Play Area2'),(36,3,20,1,'2019-07-01 02:41:09',8,'100'),(37,3,17,1,'2019-07-01 03:40:09',8,'100'),(38,3,11,1,'2019-07-01 04:41:09',8,'100'),(39,3,25,1,'2019-07-01 05:41:09',8,'100'),(40,3,20,1,'2019-07-01 06:53:09',8,'100'),(41,3,17,1,'2019-07-01 07:41:09',8,'100'),(42,3,13,1,'2019-07-01 08:41:09',8,'100'),(43,3,20,1,'2019-07-01 02:41:09',8,'101'),(44,3,17,1,'2019-07-01 03:40:09',8,'101'),(45,3,11,1,'2019-07-01 04:41:09',8,'101'),(46,3,25,1,'2019-07-01 05:41:09',8,'101'),(47,3,20,1,'2019-07-01 06:53:09',8,'101'),(48,3,17,1,'2019-07-01 07:41:09',8,'101'),(49,3,13,1,'2019-07-01 08:41:09',8,'101'),(50,3,20,1,'2019-07-01 02:41:09',8,'30'),(51,3,17,1,'2019-07-01 03:40:09',8,'30'),(52,3,11,1,'2019-07-01 04:41:09',8,'30'),(53,3,25,1,'2019-07-01 05:41:09',8,'30'),(54,3,20,1,'2019-07-01 06:53:09',8,'30'),(55,3,17,1,'2019-07-01 07:41:09',8,'30'),(56,3,13,1,'2019-07-01 08:41:09',8,'30'),(57,3,20,1,'2019-07-01 02:41:09',8,'109'),(58,3,17,1,'2019-07-01 03:40:09',8,'109'),(59,3,11,1,'2019-07-01 04:41:09',8,'109'),(60,3,25,1,'2019-07-01 05:41:09',8,'109'),(61,3,20,1,'2019-07-01 06:53:09',8,'109'),(62,3,17,1,'2019-07-01 07:41:09',8,'109'),(63,3,13,1,'2019-07-01 08:41:09',8,'109'),(64,3,20,1,'2019-07-01 02:41:09',8,'21'),(65,3,17,1,'2019-07-01 03:40:09',8,'21'),(66,3,11,1,'2019-07-01 04:41:09',8,'21'),(67,3,25,1,'2019-07-01 05:41:09',8,'21'),(68,3,20,1,'2019-07-01 06:53:09',8,'21'),(69,3,17,1,'2019-07-01 07:41:09',8,'21'),(70,3,13,1,'2019-07-01 08:41:09',8,'21'),(71,3,20,1,'2019-07-01 02:41:09',8,'32'),(72,3,17,1,'2019-07-01 03:40:09',8,'32'),(73,3,11,1,'2019-07-01 04:41:09',8,'32'),(74,3,25,1,'2019-07-01 05:41:09',8,'32'),(75,3,20,1,'2019-07-01 06:53:09',8,'32'),(76,3,17,1,'2019-07-01 07:41:09',8,'32'),(77,3,13,1,'2019-07-01 08:41:09',8,'32'),(78,3,20,1,'2019-07-01 02:41:09',8,'116'),(79,3,17,1,'2019-07-01 03:40:09',8,'116'),(80,3,11,1,'2019-07-01 04:41:09',8,'116'),(81,3,25,1,'2019-07-01 05:41:09',8,'116'),(82,3,20,1,'2019-07-01 06:53:09',8,'116'),(83,3,17,1,'2019-07-01 07:41:09',8,'116'),(84,3,13,1,'2019-07-01 08:41:09',8,'116'),(85,3,20,1,'2019-07-01 02:41:09',8,'121'),(86,3,17,1,'2019-07-01 03:40:09',8,'121'),(87,3,11,1,'2019-07-01 04:41:09',8,'121'),(88,3,25,1,'2019-07-01 05:41:09',8,'121'),(89,3,20,1,'2019-07-01 06:53:09',8,'121'),(90,3,17,1,'2019-07-01 07:41:09',8,'121'),(91,3,13,1,'2019-07-01 08:41:09',8,'121'),(92,3,20,1,'2019-07-01 02:41:09',8,'01'),(93,3,17,1,'2019-07-01 03:40:09',8,'01'),(94,3,11,1,'2019-07-01 04:41:09',8,'01'),(95,3,25,1,'2019-07-01 05:41:09',8,'01'),(96,3,20,1,'2019-07-01 06:53:09',8,'01'),(97,3,17,1,'2019-07-01 07:41:09',8,'01'),(98,3,13,1,'2019-07-01 08:41:09',8,'01'),(99,3,20,1,'2019-07-01 02:41:09',8,'110'),(100,3,17,1,'2019-07-01 03:40:09',8,'110'),(101,3,11,1,'2019-07-01 04:41:09',8,'110'),(102,3,25,1,'2019-07-01 05:41:09',8,'110'),(103,3,20,1,'2019-07-01 06:53:09',8,'110'),(104,3,17,1,'2019-07-01 07:41:09',8,'110'),(105,3,13,1,'2019-07-01 08:41:09',8,'110'),(106,4,11,1,'2019-07-01 02:41:09',9,'XA1'),(107,4,13,1,'2019-07-01 03:40:09',9,'XA1'),(108,4,17,1,'2019-07-01 04:41:09',9,'XA1'),(109,4,15,1,'2019-07-01 05:41:09',9,'XA1'),(110,4,20,1,'2019-07-01 06:53:09',9,'XA1'),(111,4,12,1,'2019-07-01 07:41:09',9,'XA1'),(112,4,13,1,'2019-07-01 08:41:09',9,'XA1'),(113,4,11,1,'2019-07-01 02:41:09',9,'XB1'),(114,4,13,1,'2019-07-01 03:40:09',9,'XB1'),(115,4,17,1,'2019-07-01 04:41:09',9,'XB1'),(116,4,15,1,'2019-07-01 05:41:09',9,'XB1'),(117,4,20,1,'2019-07-01 06:53:09',9,'XB1'),(118,4,12,1,'2019-07-01 07:41:09',9,'XB1'),(119,4,13,1,'2019-07-01 08:41:09',9,'XB1'),(120,4,11,1,'2019-07-01 02:41:09',9,'SA2'),(121,4,13,1,'2019-07-01 03:40:09',9,'SA2'),(122,4,17,1,'2019-07-01 04:41:09',9,'SA2'),(123,4,15,1,'2019-07-01 05:41:09',9,'SA2'),(124,4,20,1,'2019-07-01 06:53:09',9,'SA2'),(125,4,12,1,'2019-07-01 07:41:09',9,'SA2'),(126,4,13,1,'2019-07-01 08:41:09',9,'SA2'),(127,1,11,2,'2019-07-01 02:41:09',8,'99'),(128,1,13,2,'2019-07-01 03:40:09',8,'99'),(129,1,17,2,'2019-07-01 04:41:09',8,'99'),(130,1,15,2,'2019-07-01 05:41:09',8,'99'),(131,1,20,2,'2019-07-01 06:53:09',8,'99'),(132,1,12,2,'2019-07-01 07:41:09',8,'99'),(133,1,13,2,'2019-07-01 08:41:09',8,'99'),(134,1,11,2,'2019-07-01 02:41:09',8,'100'),(135,1,13,2,'2019-07-01 03:40:09',8,'100'),(136,1,17,2,'2019-07-01 04:41:09',8,'100'),(137,1,15,2,'2019-07-01 05:41:09',8,'100'),(138,1,20,2,'2019-07-01 06:53:09',8,'100'),(139,1,12,2,'2019-07-01 07:41:09',8,'100'),(140,1,13,2,'2019-07-01 08:41:09',8,'100'),(141,1,11,2,'2019-07-01 02:41:09',8,'101'),(142,1,13,2,'2019-07-01 03:40:09',8,'101'),(143,1,17,2,'2019-07-01 04:41:09',8,'101'),(144,1,15,2,'2019-07-01 05:41:09',8,'101'),(145,1,20,2,'2019-07-01 06:53:09',8,'101'),(146,1,12,2,'2019-07-01 07:41:09',8,'101'),(147,1,13,2,'2019-07-01 08:41:09',8,'101'),(148,1,11,2,'2019-07-01 02:41:09',8,'108'),(149,1,13,2,'2019-07-01 03:40:09',8,'108'),(150,1,17,2,'2019-07-01 04:41:09',8,'108'),(151,1,15,2,'2019-07-01 05:41:09',8,'108'),(152,1,20,2,'2019-07-01 06:53:09',8,'108'),(153,1,12,2,'2019-07-01 07:41:09',8,'108'),(154,1,13,2,'2019-07-01 08:41:09',8,'108'),(155,1,11,2,'2019-07-01 02:41:09',8,'30'),(156,1,13,2,'2019-07-01 03:40:09',8,'30'),(157,1,17,2,'2019-07-01 04:41:09',8,'30'),(158,1,15,2,'2019-07-01 05:41:09',8,'30'),(159,1,20,2,'2019-07-01 06:53:09',8,'30'),(160,1,12,2,'2019-07-01 07:41:09',8,'30'),(161,1,13,2,'2019-07-01 08:41:09',8,'30'),(162,1,11,2,'2019-07-01 02:41:09',8,'32'),(163,1,13,2,'2019-07-01 03:40:09',8,'32'),(164,1,17,2,'2019-07-01 04:41:09',8,'32'),(165,1,15,2,'2019-07-01 05:41:09',8,'32'),(166,1,20,2,'2019-07-01 06:53:09',8,'32'),(167,1,12,2,'2019-07-01 07:41:09',8,'32'),(168,1,13,2,'2019-07-01 08:41:09',8,'32'),(169,1,11,2,'2019-07-01 02:41:09',8,'116'),(170,1,13,2,'2019-07-01 03:40:09',8,'116'),(171,1,17,2,'2019-07-01 04:41:09',8,'116'),(172,1,15,2,'2019-07-01 05:41:09',8,'116'),(173,1,20,2,'2019-07-01 06:53:09',8,'116'),(174,1,12,2,'2019-07-01 07:41:09',8,'116'),(175,1,13,2,'2019-07-01 08:41:09',8,'116'),(176,1,11,2,'2019-07-01 02:41:09',8,'121'),(177,1,13,2,'2019-07-01 03:40:09',8,'121'),(178,1,17,2,'2019-07-01 04:41:09',8,'121'),(179,1,15,2,'2019-07-01 05:41:09',8,'121'),(180,1,20,2,'2019-07-01 06:53:09',8,'121'),(181,1,12,2,'2019-07-01 07:41:09',8,'121'),(182,1,13,2,'2019-07-01 08:41:09',8,'121'),(183,1,11,2,'2019-07-01 02:41:09',8,'110'),(184,1,13,2,'2019-07-01 03:40:09',8,'110'),(185,1,17,2,'2019-07-01 04:41:09',8,'110'),(186,1,15,2,'2019-07-01 05:41:09',8,'110'),(187,1,20,2,'2019-07-01 06:53:09',8,'110'),(188,1,12,2,'2019-07-01 07:41:09',8,'110'),(189,1,13,2,'2019-07-01 08:41:09',8,'110'),(190,1,11,2,'2019-07-01 02:41:09',8,'16'),(191,1,13,2,'2019-07-01 03:40:09',8,'16'),(192,1,17,2,'2019-07-01 04:41:09',8,'16'),(193,1,15,2,'2019-07-01 05:41:09',8,'16'),(194,1,20,2,'2019-07-01 06:53:09',8,'16'),(195,1,12,2,'2019-07-01 07:41:09',8,'16'),(196,1,13,2,'2019-07-01 08:41:09',8,'16'),(197,2,11,2,'2019-07-01 02:41:09',9,'X16'),(198,2,13,2,'2019-07-01 03:40:09',9,'X16'),(199,2,17,2,'2019-07-01 04:41:09',9,'X16'),(200,2,11,2,'2019-07-01 05:41:09',9,'X16'),(201,2,24,2,'2019-07-01 06:53:09',9,'X16'),(202,2,12,2,'2019-07-01 07:41:09',9,'X16'),(203,2,13,2,'2019-07-01 08:41:09',9,'X16'),(204,2,11,2,'2019-07-01 02:41:09',9,'XA1'),(205,2,13,2,'2019-07-01 03:40:09',9,'XA1'),(206,2,17,2,'2019-07-01 04:41:09',9,'XA1'),(207,2,11,2,'2019-07-01 05:41:09',9,'XA1'),(208,2,24,2,'2019-07-01 06:53:09',9,'XA1'),(209,2,12,2,'2019-07-01 07:41:09',9,'XA1'),(210,2,13,2,'2019-07-01 08:41:09',9,'XA1'),(211,2,11,2,'2019-07-01 02:41:09',9,'UB0'),(212,2,13,2,'2019-07-01 03:40:09',9,'UB0'),(213,2,17,2,'2019-07-01 04:41:09',9,'UB0'),(214,2,11,2,'2019-07-01 05:41:09',9,'UB0'),(215,2,24,2,'2019-07-01 06:53:09',9,'UB0'),(216,2,12,2,'2019-07-01 07:41:09',9,'UB0'),(217,2,13,2,'2019-07-01 08:41:09',9,'UB0');
/*!40000 ALTER TABLE `subgroups_energy` ENABLE KEYS */;
UNLOCK TABLES;

--
-- Table structure for table `user_property`
--

DROP TABLE IF EXISTS `user_property`;
/*!40101 SET @saved_cs_client     = @@character_set_client */;
/*!40101 SET character_set_client = utf8 */;
CREATE TABLE `user_property` (
  `id` int(11) NOT NULL AUTO_INCREMENT,
  `user_id` int(11) DEFAULT NULL,
  `locationid` int(11) DEFAULT NULL,
  PRIMARY KEY (`id`)
) ENGINE=InnoDB AUTO_INCREMENT=17 DEFAULT CHARSET=latin1;
/*!40101 SET character_set_client = @saved_cs_client */;

--
-- Dumping data for table `user_property`
--

LOCK TABLES `user_property` WRITE;
/*!40000 ALTER TABLE `user_property` DISABLE KEYS */;
INSERT INTO `user_property` VALUES (12,1,1),(13,1,2),(14,1,3),(16,3,1);
/*!40000 ALTER TABLE `user_property` ENABLE KEYS */;
UNLOCK TABLES;

--
-- Table structure for table `users`
--

DROP TABLE IF EXISTS `users`;
/*!40101 SET @saved_cs_client     = @@character_set_client */;
/*!40101 SET character_set_client = utf8 */;
CREATE TABLE `users` (
  `id` int(11) NOT NULL AUTO_INCREMENT,
  `username` text,
  `password` text,
  `type` int(11) DEFAULT NULL,
  `active` tinyint(1) DEFAULT NULL,
  PRIMARY KEY (`id`)
) ENGINE=InnoDB AUTO_INCREMENT=4 DEFAULT CHARSET=latin1;
/*!40101 SET character_set_client = @saved_cs_client */;

--
-- Dumping data for table `users`
--

LOCK TABLES `users` WRITE;
/*!40000 ALTER TABLE `users` DISABLE KEYS */;
INSERT INTO `users` VALUES (1,'sashakt','$2a$10$X/NxYBznzWOce/uUvNfm7ewg3nkjrRr7/ZaCVpg/YTCy6ZN4mIZ7O',1,1),(2,'admin','$2a$10$0pBIGuR507.A9iKRXiLPyez0ADvUt7C84psuFQgKvKKc.Kgwn5zSu',0,1),(3,'try1','$2a$10$K9OGVZ6JiFBDsXDphuSG4erJAYlmwcwfNbjWnX3XSXDS5HKK9dA/e',0,1);
/*!40000 ALTER TABLE `users` ENABLE KEYS */;
UNLOCK TABLES;
/*!40103 SET TIME_ZONE=@OLD_TIME_ZONE */;

/*!40101 SET SQL_MODE=@OLD_SQL_MODE */;
/*!40014 SET FOREIGN_KEY_CHECKS=@OLD_FOREIGN_KEY_CHECKS */;
/*!40014 SET UNIQUE_CHECKS=@OLD_UNIQUE_CHECKS */;
/*!40101 SET CHARACTER_SET_CLIENT=@OLD_CHARACTER_SET_CLIENT */;
/*!40101 SET CHARACTER_SET_RESULTS=@OLD_CHARACTER_SET_RESULTS */;
/*!40101 SET COLLATION_CONNECTION=@OLD_COLLATION_CONNECTION */;
/*!40111 SET SQL_NOTES=@OLD_SQL_NOTES */;

-- Dump completed on 2019-07-15 16:27:41
